{
  "BUSINESS": {
    "precision": 0.8470588235294118,
    "recall": 0.259927797833935,
    "f1-score": 0.39779005524861877,
    "support": 277.0
  },
  "SPORTS": {
    "precision": 0.35983827493261455,
    "recall": 0.967391304347826,
    "f1-score": 0.5245579567779961,
    "support": 276.0
  },
  "CRIME": {
    "precision": 0.926829268292683,
    "recall": 0.5507246376811594,
    "f1-score": 0.6909090909090909,
    "support": 276.0
  },
  "SCIENCE": {
    "precision": 0.8947368421052632,
    "recall": 0.3695652173913043,
    "f1-score": 0.5230769230769231,
    "support": 276.0
  },
  "accuracy": 0.5366515837104072,
  "macro avg": {
    "precision": 0.7571158022149931,
    "recall": 0.5369022393135562,
    "f1-score": 0.5340835065031572,
    "support": 1105.0
  },
  "weighted avg": {
    "precision": 0.7571971986143725,
    "recall": 0.5366515837104072,
    "f1-score": 0.5339601640133341,
    "support": 1105.0
  }
}