{
  "BUSINESS": {
    "precision": 0.8369565217391305,
    "recall": 0.8339350180505415,
    "f1-score": 0.8354430379746836,
    "support": 277.0
  },
  "SPORTS": {
    "precision": 0.921875,
    "recall": 0.855072463768116,
    "f1-score": 0.8872180451127819,
    "support": 276.0
  },
  "CRIME": {
    "precision": 0.8920863309352518,
    "recall": 0.8985507246376812,
    "f1-score": 0.8953068592057761,
    "support": 276.0
  },
  "SCIENCE": {
    "precision": 0.8305084745762712,
    "recall": 0.8876811594202898,
    "f1-score": 0.8581436077057794,
    "support": 276.0
  },
  "accuracy": 0.8687782805429864,
  "macro avg": {
    "precision": 0.8703565818126634,
    "recall": 0.8688098414691572,
    "f1-score": 0.8690278874997552,
    "support": 1105.0
  },
  "weighted avg": {
    "precision": 0.8703263555139543,
    "recall": 0.8687782805429864,
    "f1-score": 0.8689974939707733,
    "support": 1105.0
  }
}