{
  "BUSINESS": {
    "precision": 0.7935943060498221,
    "recall": 0.8050541516245487,
    "f1-score": 0.7992831541218638,
    "support": 277.0
  },
  "SPORTS": {
    "precision": 0.9135802469135802,
    "recall": 0.8043478260869565,
    "f1-score": 0.8554913294797688,
    "support": 276.0
  },
  "CRIME": {
    "precision": 0.8741258741258742,
    "recall": 0.9057971014492754,
    "f1-score": 0.8896797153024911,
    "support": 276.0
  },
  "SCIENCE": {
    "precision": 0.7762711864406779,
    "recall": 0.8297101449275363,
    "f1-score": 0.8021015761821366,
    "support": 276.0
  },
  "accuracy": 0.8361990950226245,
  "macro avg": {
    "precision": 0.8393929033824886,
    "recall": 0.8362273060220792,
    "f1-score": 0.8366389437715651,
    "support": 1105.0
  },
  "weighted avg": {
    "precision": 0.83935145668807,
    "recall": 0.8361990950226245,
    "f1-score": 0.8366051376270857,
    "support": 1105.0
  }
}